Network;NetType;ESSID;BSSID;Info;Channel;Cloaked;Encryption;Decrypted;MaxRate;MaxSeenRate;Beacon;LLC;Data;Crypt;Weak;Total;Carrier;Encoding;FirstTime;LastTime;BestQuality;BestSignal;BestNoise;GPSMinLat;GPSMinLon;GPSMinAlt;GPSMinSpd;GPSMaxLat;GPSMaxLon;GPSMaxAlt;GPSMaxSpd;GPSBestLat;GPSBestLon;GPSBestAlt;DataSize;IPType;IP;
1;infrastructure;Unitymedia WifiSpot;AE:22:15:54:C8:8E;;11;No;WPA2,AES-CCM,TKIP;No;54.0;0;5;0;0;0;0;0;;;Sat Dec  7 21:03:22 2019;Sat Dec  7 21:04:26 2019;-59;0;0;51.280087;7.227680;0.311000;337.642395;51.280285;7.228360;1.660000;337.642395;51.280087;7.228360;0.311000;0;0;0.0.0.0;
2;infrastructure;UPC173E563|2.4;90:5C:44:A1:22:0B;;11;No;WPA2,AES-CCM,TKIP;No;54.0;0;1;0;1;0;0;1;;;Sat Dec  7 21:04:18 2019;Sat Dec  7 21:04:25 2019;-60;0;0;51.280247;7.227680;0.745000;206.139999;51.280277;7.227764;1.662000;206.139999;51.280277;7.227764;0.745000;0;0;0.0.0.0;
3;infrastructure;Unitymedia WifiSpot;56:67:11:85:A8:00;;6;No;WPA2,AES-CCM,TKIP;No;54.0;0;5;0;0;0;0;0;;;Sat Dec  7 21:03:03 2019;Sat Dec  7 21:04:20 2019;-63;0;0;51.279972;7.227752;0.191000;316.262207;51.280296;7.228556;0.922000;316.262207;51.279972;7.228556;0.191000;0;0;0.0.0.0;
4;infrastructure;WLAN-WGHNL4;5C:03:39:3A:AD:9D;;6;No;WPA2,AES-CCM;No;54.0;0;2;0;0;0;0;0;;;Sat Dec  7 21:04:29 2019;Sat Dec  7 21:04:29 2019;-64;0;0;51.280216;7.227670;1.580000;191.412094;51.280216;7.227670;1.581000;191.412094;51.280216;7.227670;1.580000;0;0;0.0.0.0;
5;infrastructure;WLAN-566214;94:6A:B0:33:5C:06;;9;No;WPA2,AES-CCM;No;54.0;0;3;0;0;0;0;0;;;Sat Dec  7 21:04:19 2019;Sat Dec  7 21:04:33 2019;-64;0;0;51.280190;7.227652;0.647000;208.985901;51.280277;7.227752;1.095000;208.985901;51.280277;7.227752;0.647000;0;0;0.0.0.0;
6;infrastructure;WLAN;00:1D:19:FA:E5:C2;;2;No;WPA2,WPA,AES-CCM,TKIP;No;54.0;0;2;0;0;0;0;0;;;Sat Dec  7 21:04:19 2019;Sat Dec  7 21:04:19 2019;-64;0;0;51.280277;7.227752;0.647000;206.139999;51.280277;7.227764;0.745000;206.139999;51.280277;7.227764;0.745000;0;0;0.0.0.0;
7;infrastructure;Telekom_FON;44:FE:3B:A4:D2:7A;;6;No;OPN,None;No;54.0;0;2;0;0;0;0;0;;;Sat Dec  7 21:04:15 2019;Sat Dec  7 21:04:24 2019;-65;0;0;51.280262;7.227707;0.591000;259.584991;51.280285;7.227789;1.132000;259.584991;51.280285;7.227789;0.591000;0;0;0.0.0.0;
8;infrastructure;Sterntaler;04:A2:22:58:7C:80;;6;No;WPA2,AES-CCM;No;720.0;0;5;0;0;0;0;0;;;Sat Dec  7 20:53:39 2019;Sat Dec  7 21:04:34 2019;-66;0;0;51.277180;7.226967;0.378000;178.409302;51.280190;7.229095;1.090000;178.409302;51.277180;7.226967;1.045000;0;0;0.0.0.0;
9;infrastructure;Johann;76:31:70:0A:2E:19;;3;No;WPA2,AES-CCM,TKIP;No;54.0;0;2;0;0;0;0;0;;;Sat Dec  7 21:04:33 2019;Sat Dec  7 21:04:33 2019;-67;0;0;51.280190;7.227652;1.095000;187.130707;51.280190;7.227652;1.095000;187.130707;51.280190;7.227652;1.095000;0;0;0.0.0.0;
10;infrastructure;UPC7C5929D;90:5C:44:84:34:AF;;6;No;WPA2,AES-CCM,TKIP;No;54.0;0;2;0;0;0;0;0;;;Sat Dec  7 21:04:33 2019;Sat Dec  7 21:04:33 2019;-71;0;0;51.280190;7.227652;1.095000;187.130707;51.280190;7.227652;1.095000;187.130707;51.280190;7.227652;1.095000;0;0;0.0.0.0;
11;infrastructure;WLAN-Y6ZFWF;A4:71:74:93:D4:C7;;1;No;WPA2,AES-CCM;No;54.0;0;3;0;1;0;0;1;;;Sat Dec  7 21:04:33 2019;Sat Dec  7 21:14:39 2019;-74;0;0;51.280037;7.227584;0.726000;187.130707;51.280190;7.227652;1.095000;187.130707;51.280190;7.227652;1.095000;0;0;0.0.0.0;
12;infrastructure;VodafoneMobileWiFi-A22957;14:3C:C3:F2:A2:29;;5;No;WPA2,AES-CCM;No;54.0;0;2;0;0;0;0;0;;;Sat Dec  7 21:04:33 2019;Sat Dec  7 21:04:33 2019;-73;0;0;51.280190;7.227652;1.095000;187.130707;51.280190;7.227652;1.095000;187.130707;51.280190;7.227652;1.095000;0;0;0.0.0.0;
13;infrastructure;UPC2033888;34:2C:C4:4E:29:13;;1;No;WPA2,AES-CCM,TKIP;No;54.0;0;2;0;0;0;0;0;;;Sat Dec  7 21:04:18 2019;Sat Dec  7 21:04:29 2019;-73;0;0;51.280216;7.227670;0.745000;206.139999;51.280277;7.227764;1.581000;206.139999;51.280277;7.227764;0.745000;0;0;0.0.0.0;
14;infrastructure;Telekom_FON;D4:21:22:69:C5:64;;1;No;OPN,None;No;54.0;0;2;0;0;0;0;0;;;Sat Dec  7 21:04:25 2019;Sat Dec  7 21:04:33 2019;-73;0;0;51.280190;7.227652;1.095000;222.754303;51.280247;7.227680;1.662000;222.754303;51.280247;7.227680;1.662000;0;0;0.0.0.0;
15;infrastructure;UPC446A517;AC:22:05:B4:CE:D8;;1;No;WPA2,AES-CCM,TKIP;No;54.0;0;3;0;0;0;0;0;;;Sat Dec  7 21:04:33 2019;Sat Dec  7 21:04:33 2019;-75;0;0;51.280190;7.227652;1.095000;187.130707;51.280190;7.227652;1.095000;187.130707;51.280190;7.227652;1.095000;0;0;0.0.0.0;
16;infrastructure;HZN242042021;1C:3A:DE:FB:8E:2F;;13;No;WPA2,AES-CCM,TKIP;No;54.0;0;6;0;0;0;0;0;;;Sat Dec  7 20:59:35 2019;Sat Dec  7 21:04:26 2019;-75;0;0;51.278664;7.227680;0.382000;282.114197;51.280247;7.228829;1.695000;282.114197;51.278664;7.228829;1.403000;0;0;0.0.0.0;
17;infrastructure;GiWLAN;C0:25:06:0D:6E:BB;;1;No;WPA2,WPA,AES-CCM,TKIP;No;54.0;0;3;0;0;0;0;0;;;Sat Dec  7 20:52:18 2019;Sat Dec  7 21:04:34 2019;-75;0;0;51.277142;7.226921;0.884000;206.383499;51.280182;7.227643;1.116000;206.383499;51.277828;7.227346;1.028000;0;0;0.0.0.0;
18;infrastructure;WLAN-HC44JQ;3C:67:8C:81:88:10;;1;No;WPA2,AES-CCM;No;54.0;0;2;0;1;0;0;1;;;Sat Dec  7 20:53:14 2019;Sat Dec  7 21:04:34 2019;-75;0;0;51.277374;7.227082;0.796000;178.413803;51.280182;7.227643;0.884000;178.413803;51.277374;7.227082;0.796000;0;0;0.0.0.0;
19;infrastructure;;1C:3A:DE:E3:9C:39;;13;No;WPA,None;No;-1.0;0;0;0;1;0;0;1;;;Sat Dec  7 21:04:29 2019;Sat Dec  7 21:04:33 2019;-77;0;0;51.280216;7.227670;1.581000;203.979996;51.280216;7.227670;1.581000;203.979996;51.280216;7.227670;1.581000;0;0;0.0.0.0;
20;infrastructure;WLAN-HC44JQ;68:FF:7B:B1:AB:BF;;1;No;WPA2,AES-CCM,TKIP;No;54.0;0;5;0;0;0;0;0;;;Sat Dec  7 20:51:59 2019;Sat Dec  7 21:04:34 2019;-77;0;0;0.000000;0.000000;0.000000;0.000000;51.280182;7.227643;1.041000;0.000000;0.000000;0.000000;0.000000;0;0;0.0.0.0;
21;infrastructure;Unitymedia WifiSpot;92:5C:14:7F:4B:D6;;6;No;WPA2,AES-CCM,TKIP;No;54.0;0;3;0;0;0;0;0;;;Sat Dec  7 20:52:13 2019;Sat Dec  7 21:04:34 2019;-77;0;0;51.277813;7.227338;0.230000;50.972599;51.280182;7.227643;1.250000;50.972599;51.277866;7.227378;0.230000;0;0;0.0.0.0;
22;infrastructure;Unitymedia WifiSpot;AE:22:15:E4:C5:E9;;11;No;WPA2,AES-CCM,TKIP;No;54.0;0;2;0;0;0;0;0;;;Sat Dec  7 21:04:34 2019;Sat Dec  7 21:04:34 2019;-78;0;0;51.280182;7.227643;0.884000;189.800003;51.280190;7.227652;1.090000;189.800003;51.280190;7.227652;1.090000;0;0;0.0.0.0;
23;infrastructure;UPC5279977;34:2C:C4:3B:08:97;;1;No;WPA2,AES-CCM,TKIP;No;54.0;0;2;0;0;0;0;0;;;Sat Dec  7 21:04:33 2019;Sat Dec  7 21:04:33 2019;-78;0;0;51.280190;7.227652;1.095000;187.130707;51.280190;7.227652;1.095000;187.130707;51.280190;7.227652;1.095000;0;0;0.0.0.0;
24;infrastructure;Unitymedia WifiSpot;3A:43:1D:90:F8:28;;11;No;WPA2,AES-CCM,TKIP;No;54.0;0;2;0;0;0;0;0;;;Sat Dec  7 21:03:23 2019;Sat Dec  7 21:04:26 2019;-78;0;0;51.280102;7.227680;0.302000;1.503800;51.280247;7.228352;1.660000;1.503800;51.280102;7.228352;0.302000;0;0;0.0.0.0;
25;infrastructure;UPCB8BE695;90:5C:44:7F:4B:D6;;6;No;WPA2,AES-CCM,TKIP;No;54.0;0;3;0;0;0;0;0;;;Sat Dec  7 20:52:12 2019;Sat Dec  7 21:04:34 2019;-80;0;0;51.277828;7.227346;0.884000;196.722504;51.280182;7.227643;1.279000;196.722504;51.277866;7.227386;1.279000;0;0;0.0.0.0;
26;infrastructure;UPC7C37B19;54:67:51:85:A8:00;;6;No;WPA2,AES-CCM,TKIP;No;54.0;0;2;0;0;0;0;0;;;Sat Dec  7 21:03:36 2019;Sat Dec  7 21:04:02 2019;-58;0;0;51.280159;7.227906;0.223000;0.000000;51.280296;7.228266;0.922000;0.000000;51.280159;7.228266;0.223000;0;0;0.0.0.0;
27;infrastructure;UPC9535880;38:43:7D:90:F8:28;;11;No;WPA2,AES-CCM,TKIP;No;54.0;0;1;0;1;0;0;1;;;Sat Dec  7 21:03:40 2019;Sat Dec  7 21:03:51 2019;-72;0;0;51.280220;7.228080;0.588000;263.099609;51.280273;7.228197;0.968000;263.099609;51.280220;7.228197;0.968000;0;0;0.0.0.0;
28;infrastructure;EasyBox-FCFD61;88:03:55:FC:FD:AD;;3;No;WPA2,AES-CCM,TKIP;No;54.0;0;10;0;0;0;0;0;;;Sat Dec  7 21:00:53 2019;Sat Dec  7 21:02:43 2019;-66;0;0;51.279053;7.228039;0.181000;16.028999;51.279842;7.228526;1.430000;16.028999;51.279053;7.228039;1.430000;0;0;0.0.0.0;
29;infrastructure;Gastzugang;A8:D3:F7:DB:29:97;;1;No;WPA2,AES-CCM,TKIP;No;54.0;0;3;0;0;0;0;0;;;Sat Dec  7 21:01:11 2019;Sat Dec  7 21:02:43 2019;-69;0;0;51.279213;7.228099;0.382000;33.389999;51.279823;7.228526;1.359000;33.389999;51.279213;7.228099;1.359000;0;0;0.0.0.0;
30;infrastructure;EasyBox-DB2918;A8:D3:F7:DB:29:96;;1;No;WPA2,AES-CCM,TKIP;No;54.0;0;2;0;0;0;0;0;;;Sat Dec  7 21:01:10 2019;Sat Dec  7 21:02:35 2019;-67;0;0;51.279213;7.228099;0.181000;39.480000;51.279842;7.228507;1.363000;39.480000;51.279213;7.228099;1.363000;0;0;0.0.0.0;
31;infrastructure;;7C:FF:4D:88:19:3D;;9;No;WPA,None;No;-1.0;0;0;0;4;0;0;4;;;Sat Dec  7 20:58:51 2019;Sat Dec  7 21:02:30 2019;-76;0;0;51.278503;7.228471;0.501000;0.000000;51.279858;7.229118;1.411000;0.000000;51.278503;7.229118;1.123000;0;0;0.0.0.0;
32;infrastructure;JabbasPalast;C0:4A:00:CB:7D:D4;;1;No;WPA2,WPA,AES-CCM;No;54.0;0;4;0;0;0;0;0;;;Sat Dec  7 20:58:55 2019;Sat Dec  7 21:02:36 2019;-77;0;0;51.278545;7.228390;0.186000;351.839996;51.279842;7.229120;1.282000;351.839996;51.278545;7.229120;1.186000;0;0;0.0.0.0;
33;infrastructure;TP-LINK_0B161A;C0:25:E9:0B:16:1A;;11;No;WPA2,AES-CCM,TKIP;No;54.0;0;2;0;0;0;0;0;;;Sat Dec  7 21:02:07 2019;Sat Dec  7 21:02:30 2019;-81;0;0;51.279720;7.228390;0.501000;22.878599;51.279850;7.228476;1.282000;22.878599;51.279720;7.228390;1.282000;0;0;0.0.0.0;
34;infrastructure;wi-fi w domku;4C:09:D4:C6:58:2E;;1;No;WPA2,AES-CCM;No;54.0;0;1;0;1;0;0;1;;;Sat Dec  7 21:01:10 2019;Sat Dec  7 21:01:10 2019;-78;0;0;51.279213;7.228099;1.363000;39.480000;51.279213;7.228099;1.363000;39.480000;51.279213;7.228099;1.363000;0;0;0.0.0.0;
35;infrastructure;eufy RoboVac 30C-2DEA;EE:FA:BC:98:2D:EA;;1;No;OPN,None;No;48.0;0;12;0;0;0;0;0;;;Sat Dec  7 20:58:54 2019;Sat Dec  7 21:00:56 2019;-62;0;0;51.278530;7.228039;0.687000;24.590000;51.279091;7.229170;1.698000;24.590000;51.278530;7.229125;1.240000;0;0;0.0.0.0;
36;infrastructure;sweetHome;B4:FB:E4:DA:1B:65;;1;No;WPA2,AES-CCM;No;54.0;0;7;0;0;0;0;0;;;Sat Dec  7 20:58:49 2019;Sat Dec  7 21:00:53 2019;-72;0;0;51.278492;7.228039;0.776000;19.512199;51.279053;7.229176;1.430000;19.512199;51.278492;7.229115;1.197000;0;0;0.0.0.0;
37;infrastructure;UPC7103689;38:43:7D:48:70:4D;;11;No;WPA2,AES-CCM,TKIP;No;54.0;0;17;0;7;0;0;7;;;Sat Dec  7 20:58:51 2019;Sat Dec  7 21:00:54 2019;-73;0;0;51.278503;7.228034;0.183000;12.330000;51.279076;7.229180;1.540000;12.330000;51.278503;7.229118;1.116000;0;0;0.0.0.0;
38;infrastructure;HZN241196148;54:FA:3E:76:DA:61;;6;No;WPA2,AES-CCM,TKIP;No;54.0;0;6;0;0;0;0;0;;;Sat Dec  7 20:59:02 2019;Sat Dec  7 21:00:56 2019;-73;0;0;51.278587;7.228039;0.776000;284.226807;51.279091;7.229170;1.698000;284.226807;51.278587;7.229170;0.779000;0;0;0.0.0.0;
39;infrastructure;SchweitzLan;90:5C:44:CB:B4:59;;1;No;WPA2,AES-CCM,TKIP;No;54.0;0;6;0;0;0;0;0;;;Sat Dec  7 20:58:58 2019;Sat Dec  7 21:00:56 2019;-75;0;0;51.278557;7.228039;0.684000;312.390015;51.279091;7.229162;1.698000;312.390015;51.278557;7.229162;1.026000;0;0;0.0.0.0;
40;infrastructure;devolo-018;B8:BE:F4:40:6C:8E;;1;No;WPA2,AES-CCM;No;54.0;0;5;0;1;0;0;1;;;Sat Dec  7 20:58:55 2019;Sat Dec  7 21:00:54 2019;-75;0;0;51.278545;7.228036;0.779000;343.249298;51.279076;7.229170;1.525000;343.249298;51.278545;7.229120;1.181000;0;0;0.0.0.0;
41;infrastructure;Unitymedia WifiSpot;3A:43:1D:48:70:4D;;11;No;WPA2,AES-CCM,TKIP;No;54.0;0;23;0;0;0;0;0;;;Sat Dec  7 20:58:48 2019;Sat Dec  7 21:00:28 2019;-71;0;0;51.278481;7.228294;0.646000;26.980000;51.278767;7.229176;1.413000;26.980000;51.278481;7.229104;1.243000;0;0;0.0.0.0;
42;infrastructure;;7C:FF:4D:8D:5B:4A;;10;No;WPA,None;No;-1.0;0;0;0;3;0;0;3;;;Sat Dec  7 20:59:17 2019;Sat Dec  7 21:00:16 2019;-67;0;0;51.278576;7.228484;0.952000;270.510010;51.278721;7.229088;1.064000;270.510010;51.278576;7.229088;1.064000;0;0;0.0.0.0;
43;infrastructure;;38:10:D5:FE:09:D5;;3;No;WPA,None;No;-1.0;0;0;0;5;0;0;5;;;Sat Dec  7 20:58:58 2019;Sat Dec  7 20:59:35 2019;-76;0;0;51.278557;7.228829;0.779000;312.390015;51.278664;7.229171;1.403000;312.390015;51.278557;7.229162;1.026000;0;0;0.0.0.0;
44;infrastructure;devolo-254;30:D3:2D:1A:32:54;;11;No;WPA2,AES-CCM;No;54.0;0;7;0;0;0;0;0;;;Sat Dec  7 20:58:56 2019;Sat Dec  7 20:59:35 2019;-77;0;0;51.278545;7.228829;0.776000;351.839996;51.278664;7.229171;1.482000;351.839996;51.278545;7.229120;1.186000;0;0;0.0.0.0;
45;infrastructure;EasyBox-297808;E0:60:66:DD:8B:8C;;11;No;WPA2,WPA,AES-CCM,TKIP;No;54.0;0;1;0;3;0;0;3;;;Sat Dec  7 20:59:12 2019;Sat Dec  7 20:59:35 2019;-78;0;0;51.278576;7.228829;0.916000;270.630005;51.278664;7.229137;1.403000;270.630005;51.278576;7.229137;0.916000;0;0;0.0.0.0;
46;infrastructure;HZN245732949;1C:3A:DE:B8:8C:01;;13;No;WPA2,AES-CCM,TKIP;No;54.0;0;2;0;0;0;0;0;;;Sat Dec  7 20:59:03 2019;Sat Dec  7 20:59:35 2019;-84;0;0;51.278587;7.228829;0.776000;308.369995;51.278664;7.229170;1.403000;308.369995;51.278587;7.229170;0.776000;0;0;0.0.0.0;
47;infrastructure;1.Obergeschoss;B0:4E:26:BD:E4:AC;;7;No;WPA2,AES-CCM,TKIP;No;54.0;0;2;0;0;0;0;0;;;Sat Dec  7 20:58:58 2019;Sat Dec  7 20:59:27 2019;-79;0;0;51.278557;7.228970;1.027000;298.307495;51.278625;7.229162;1.527000;298.307495;51.278557;7.229162;1.027000;0;0;0.0.0.0;
48;infrastructure;o2-WLAN97;5C:E2:8C:2E:06:30;;9;No;WPA2,AES-CCM;No;54.0;0;4;0;0;0;0;0;;;Sat Dec  7 20:58:51 2019;Sat Dec  7 20:59:13 2019;-76;0;0;51.278503;7.229118;0.916000;0.000000;51.278576;7.229162;1.181000;0.000000;51.278503;7.229118;1.123000;0;0;0.0.0.0;
49;infrastructure;Drahtfunk;08:96:D7:CC:C0:56;;6;No;WPA2,AES-CCM;No;54.0;0;1;0;2;0;0;2;;;Sat Dec  7 20:58:51 2019;Sat Dec  7 20:59:00 2019;-65;0;0;51.278503;7.229118;1.123000;0.000000;51.278530;7.229125;1.237000;0.000000;51.278503;7.229118;1.123000;0;0;0.0.0.0;
50;infrastructure;Telekom_FON;C8:0C:C8:D2:8A:5A;;1;No;OPN,None;No;54.0;0;3;0;0;0;0;0;;;Sat Dec  7 20:58:54 2019;Sat Dec  7 20:59:01 2019;-72;0;0;51.278530;7.229125;1.027000;24.590000;51.278576;7.229176;1.240000;24.590000;51.278530;7.229125;1.240000;0;0;0.0.0.0;
51;infrastructure;easybell DSL;34:31:C4:C2:35:6A;;6;No;WPA2,AES-CCM;No;54.0;0;1;0;1;0;0;1;;;Sat Dec  7 20:58:49 2019;Sat Dec  7 20:59:02 2019;-72;0;0;51.278492;7.229115;0.779000;19.512199;51.278587;7.229170;1.197000;19.512199;51.278492;7.229115;1.197000;0;0;0.0.0.0;
52;infrastructure;WLAN-PGC3YA;F4:06:8D:D2:51:D8;;1;No;WPA2,AES-CCM;No;54.0;0;3;0;0;0;0;0;;;Sat Dec  7 20:58:58 2019;Sat Dec  7 20:59:03 2019;-75;0;0;51.278557;7.229162;0.779000;298.307495;51.278587;7.229176;1.139000;298.307495;51.278557;7.229162;1.027000;0;0;0.0.0.0;
53;infrastructure;Gastzugang;36:81:C4:C9:B7:7B;;11;No;WPA2,AES-CCM;No;54.0;0;2;0;0;0;0;0;;;Sat Dec  7 20:58:57 2019;Sat Dec  7 20:58:59 2019;-76;0;0;51.278553;7.229138;0.766000;345.653015;51.278561;7.229171;0.936000;345.653015;51.278553;7.229138;0.766000;0;0;0.0.0.0;
54;infrastructure;devolo-f4068d99b498;F4:06:8D:99:B4:98;;11;No;WPA2,AES-CCM;No;54.0;0;8;0;0;0;0;0;;;Sat Dec  7 20:58:48 2019;Sat Dec  7 20:59:00 2019;-77;0;0;51.278492;7.229115;0.766000;19.512199;51.278561;7.229171;1.240000;19.512199;51.278492;7.229115;1.197000;0;0;0.0.0.0;
55;infrastructure;Telekom_FON;EC:CB:30:EC:E9:F0;;11;No;OPN,None;No;54.0;0;5;0;0;0;0;0;;;Sat Dec  7 20:58:49 2019;Sat Dec  7 20:58:59 2019;-80;0;0;51.278492;7.229115;0.766000;19.512199;51.278561;7.229171;1.197000;19.512199;51.278492;7.229115;1.197000;0;0;0.0.0.0;
56;infrastructure;;C4:E9:84:3F:9B:4C;;1;No;WPA,None;No;-1.0;0;0;0;3;0;0;3;;;Sat Dec  7 20:58:46 2019;Sat Dec  7 20:58:48 2019;-1;0;0;51.278469;7.229095;1.088000;41.560200;51.278469;7.229095;1.088000;41.560200;51.278469;7.229095;1.088000;0;0;0.0.0.0;
57;infrastructure;HZN246116092;1C:3A:DE:FB:E2:17;;6;No;WPA2,AES-CCM,TKIP;No;54.0;0;6;0;2;0;0;2;;;Sat Dec  7 20:58:45 2019;Sat Dec  7 20:58:49 2019;-59;0;0;51.278469;7.229095;1.088000;41.560200;51.278492;7.229115;1.244000;41.560200;51.278469;7.229095;1.088000;0;0;0.0.0.0;
58;infrastructure;FRITZ!Box 7362 SL;08:96:D7:BE:C7:F5;;5;No;WPA2,AES-CCM;No;54.0;0;2;0;1;0;0;1;;;Sat Dec  7 20:58:45 2019;Sat Dec  7 20:58:47 2019;-61;0;0;51.278469;7.229095;1.088000;41.560200;51.278481;7.229104;1.244000;41.560200;51.278469;7.229095;1.088000;0;0;0.0.0.0;
59;infrastructure;HP-Print-37-Officejet 4630;D0:BF:9C:AB:0F:37;;6;No;WPA2,AES-CCM;No;54.0;0;2;0;0;0;0;0;;;Sat Dec  7 20:58:48 2019;Sat Dec  7 20:58:49 2019;-63;0;0;51.278481;7.229104;1.197000;26.980000;51.278492;7.229115;1.243000;26.980000;51.278481;7.229104;1.243000;0;0;0.0.0.0;
60;infrastructure;WLAN-KGM7ZV;DC:39:6F:42:4A:44;;1;No;WPA2,AES-CCM;No;54.0;0;1;0;0;0;0;0;;;Sat Dec  7 20:58:47 2019;Sat Dec  7 20:58:48 2019;-65;0;0;51.278481;7.229104;1.244000;19.731199;51.278481;7.229104;1.244000;19.731199;51.278481;7.229104;1.244000;0;0;0.0.0.0;
61;infrastructure;Bartman;44:4E:6D:60:D4:F7;;6;No;WPA2,AES-CCM;No;360.0;0;1;0;2;0;0;2;;;Sat Dec  7 20:53:46 2019;Sat Dec  7 20:58:48 2019;-70;0;0;51.277069;7.226827;1.060000;341.559998;51.278481;7.229104;1.244000;341.559998;51.277130;7.226886;1.151000;0;0;0.0.0.0;
62;infrastructure;Bartman-Gast;46:4E:6D:60:D4:F7;;6;No;WPA2,AES-CCM;No;360.0;0;2;0;0;0;0;0;;;Sat Dec  7 20:53:54 2019;Sat Dec  7 20:58:48 2019;-71;0;0;51.276993;7.226817;0.688000;135.354004;51.278481;7.229104;1.244000;135.354004;51.277039;7.226817;0.927000;0;0;0.0.0.0;
63;infrastructure;Telekom_FON;04:A2:22:58:7C:82;;6;No;OPN,None;No;54.0;0;4;0;0;0;0;0;;;Sat Dec  7 20:53:33 2019;Sat Dec  7 20:58:46 2019;-73;0;0;51.276970;7.226822;0.826000;205.309998;51.278469;7.229095;1.093000;205.309998;51.277229;7.226981;0.994000;0;0;0.0.0.0;
64;infrastructure;;2A:C6:8E:0E:2C:4A;;11;No;WPA2,AES-CCM;No;54.0;0;2;0;0;0;0;0;;;Sat Dec  7 20:58:45 2019;Sat Dec  7 20:58:46 2019;-75;0;0;51.278469;7.229095;1.088000;41.560200;51.278469;7.229095;1.093000;41.560200;51.278469;7.229095;1.088000;0;0;0.0.0.0;
65;infrastructure;Mesh;68:FF:7B:DF:86:12;;2;No;WPA2,AES-CCM,TKIP;No;360.0;0;2;0;0;0;0;0;;;Sat Dec  7 20:58:45 2019;Sat Dec  7 20:58:46 2019;-76;0;0;51.278469;7.229095;1.088000;41.560200;51.278469;7.229095;1.088000;41.560200;51.278469;7.229095;1.088000;0;0;0.0.0.0;
66;infrastructure;o2-WLAN18;E8:37:7A:08:06:D8;;8;No;WPA2,AES-CCM;No;54.0;0;2;0;0;0;0;0;;;Sat Dec  7 20:58:46 2019;Sat Dec  7 20:58:48 2019;-78;0;0;51.278481;7.229104;1.243000;19.731199;51.278481;7.229104;1.244000;19.731199;51.278481;7.229104;1.244000;0;0;0.0.0.0;
67;infrastructure;;6E:FF:7B:DF:86:12;;2;No;WPA2,AES-CCM;No;360.0;0;2;0;1;0;0;1;;;Sat Dec  7 20:58:45 2019;Sat Dec  7 20:58:47 2019;-79;0;0;51.278469;7.229095;1.088000;41.560200;51.278481;7.229104;1.244000;41.560200;51.278469;7.229095;1.088000;0;0;0.0.0.0;
68;infrastructure;;38:10:D5:9D:F6:AA;;5;No;WPA,None;No;-1.0;0;0;0;3;0;0;3;;;Sat Dec  7 20:58:30 2019;Sat Dec  7 20:58:34 2019;-1;0;0;51.278358;7.229024;1.461000;14.632500;51.278358;7.229024;1.461000;14.632500;51.278358;7.229024;1.461000;0;0;0.0.0.0;
69;infrastructure;UPC8231877;34:2C:C4:1B:0F:82;;1;No;WPA2,AES-CCM,TKIP;No;54.0;0;3;0;1;0;0;1;;;Sat Dec  7 20:57:08 2019;Sat Dec  7 20:58:38 2019;-71;0;0;51.277702;7.228642;0.827000;23.209000;51.278427;7.229066;1.504000;23.209000;51.277702;7.228683;0.828000;0;0;0.0.0.0;
70;infrastructure;UPCBAED68A;AC:22:05:1C:1E:33;;6;No;WPA2,AES-CCM,TKIP;No;54.0;0;2;0;0;0;0;0;;;Sat Dec  7 20:57:49 2019;Sat Dec  7 20:58:00 2019;-75;0;0;51.277988;7.228804;0.797000;20.209999;51.278088;7.228890;1.084000;20.209999;51.277988;7.228804;0.797000;0;0;0.0.0.0;
71;infrastructure;HZN246278545;1C:3A:DE:82:52:86;;6;No;WPA2,AES-CCM,TKIP;No;54.0;0;6;0;0;0;0;0;;;Sat Dec  7 20:55:56 2019;Sat Dec  7 20:57:45 2019;-74;0;0;51.277222;7.228194;0.827000;22.888000;51.277977;7.228799;1.551000;22.888000;51.277222;7.228194;1.551000;0;0;0.0.0.0;
72;infrastructure;Unitymedia WifiSpot;92:5C:14:A9:2D:D3;;11;No;WPA2,AES-CCM,TKIP;No;54.0;0;5;0;0;0;0;0;;;Sat Dec  7 20:55:58 2019;Sat Dec  7 20:57:21 2019;-61;0;0;51.277233;7.228200;0.603000;23.100800;51.277798;7.228656;1.369000;23.100800;51.277233;7.228200;1.366000;0;0;0.0.0.0;
73;infrastructure;Unitymedia WifiSpot;AE:22:15:E4:E2:EB;;1;No;WPA2,AES-CCM,TKIP;No;54.0;0;6;0;0;0;0;0;;;Sat Dec  7 20:55:47 2019;Sat Dec  7 20:57:20 2019;-75;0;0;51.277126;7.228164;0.820000;25.315599;51.277782;7.228668;1.369000;25.315599;51.277126;7.228164;1.325000;0;0;0.0.0.0;
74;infrastructure;Telekom_FON;44:FE:3B:D5:31:89;;1;No;OPN,None;No;54.0;0;2;0;0;0;0;0;;;Sat Dec  7 20:57:13 2019;Sat Dec  7 20:57:14 2019;-77;0;0;51.277737;7.228650;0.390000;0.000000;51.277748;7.228662;0.719000;0.000000;51.277737;7.228662;0.719000;0;0;0.0.0.0;
75;infrastructure;MOBILE HOTSPOT;08:78:08:C3:05:AE;;1;No;WPA2,AES-CCM;No;54.0;0;3;0;0;0;0;0;;;Sat Dec  7 20:56:10 2019;Sat Dec  7 20:57:13 2019;-79;0;0;51.277325;7.228270;0.719000;23.740000;51.277737;7.228668;1.434000;23.740000;51.277325;7.228270;1.434000;0;0;0.0.0.0;
76;infrastructure;Unitymedia WifiSpot;36:2C:94:13:73:52;;6;No;WPA2,AES-CCM,TKIP;No;54.0;0;2;0;0;0;0;0;;;Sat Dec  7 20:56:57 2019;Sat Dec  7 20:57:18 2019;-82;0;0;51.277637;7.228624;0.432000;58.415001;51.277771;7.228641;1.369000;58.415001;51.277637;7.228624;1.369000;0;0;0.0.0.0;
77;infrastructure;o2-WLAN23;A0:E4:CB:29:4A:1D;;3;No;WPA2,AES-CCM;No;54.0;0;3;0;0;0;0;0;;;Sat Dec  7 20:54:04 2019;Sat Dec  7 20:57:03 2019;-72;0;0;51.276962;7.226840;0.776000;104.269798;51.277660;7.228656;1.072000;104.269798;51.276962;7.226840;0.776000;0;0;0.0.0.0;
78;infrastructure;UPC7DC46C9;AC:22:05:E4:E2:EB;;1;No;WPA2,AES-CCM,TKIP;No;54.0;0;2;0;0;0;0;0;;;Sat Dec  7 20:56:01 2019;Sat Dec  7 20:57:03 2019;-73;0;0;51.277260;7.228209;1.072000;7.513500;51.277660;7.228656;1.194000;7.513500;51.277260;7.228209;1.194000;0;0;0.0.0.0;
79;infrastructure;Dummy OG;90:5C:44:A9:2D:D3;;11;No;WPA2,AES-CCM,TKIP;No;54.0;0;7;0;0;0;0;0;;;Sat Dec  7 20:55:57 2019;Sat Dec  7 20:56:48 2019;-53;0;0;51.277222;7.228194;1.194000;22.888000;51.277607;7.228523;1.551000;22.888000;51.277222;7.228194;1.551000;0;0;0.0.0.0;
80;infrastructure;WLAN-408997;64:CC:22:06:AC:12;;6;No;WPA2,AES-CCM;No;720.0;0;2;0;1;0;0;1;;;Sat Dec  7 20:56:12 2019;Sat Dec  7 20:56:50 2019;-75;0;0;51.277344;7.228292;1.360000;34.297501;51.277615;7.228540;1.575000;34.297501;51.277344;7.228292;1.360000;0;0;0.0.0.0;
81;infrastructure;HZN244371525;54:FA:3E:9E:51:6D;;6;No;WPA2,AES-CCM,TKIP;No;54.0;0;2;0;0;0;0;0;;;Sat Dec  7 20:55:54 2019;Sat Dec  7 20:56:10 2019;-86;0;0;51.277195;7.228177;1.393000;27.632299;51.277325;7.228270;1.434000;27.632299;51.277195;7.228177;1.393000;0;0;0.0.0.0;
82;infrastructure;;50:7E:5D:7E:A3:60;;13;No;None;No;-1.0;0;0;0;0;0;0;0;;;Sat Dec  7 20:54:59 2019;Sat Dec  7 20:55:11 2019;-1;0;0;51.276878;7.227646;1.276000;96.900002;51.276878;7.227646;1.276000;96.900002;51.276878;7.227646;1.276000;0;0;0.0.0.0;
83;infrastructure;UPC3572369;34:2C:C4:32:FD:0F;;6;No;WPA2,AES-CCM,TKIP;No;54.0;0;3;0;0;0;0;0;;;Sat Dec  7 20:54:31 2019;Sat Dec  7 20:54:59 2019;-73;0;0;51.276878;7.227227;1.077000;73.791496;51.276909;7.227646;1.321000;73.791496;51.276909;7.227227;1.077000;0;0;0.0.0.0;
84;infrastructure;WLAN-D88D25;74:31:70:D8:8D:44;;1;No;WPA2,AES-CCM;No;54.0;0;3;0;0;0;0;0;;;Sat Dec  7 20:54:38 2019;Sat Dec  7 20:54:56 2019;-78;0;0;51.276882;7.227324;1.237000;91.750000;51.276897;7.227595;1.626000;91.750000;51.276897;7.227324;1.379000;0;0;0.0.0.0;
85;infrastructure;UPC248263761;F8:04:2E:9A:02:A8;;1;No;WPA2,AES-CCM,TKIP;No;54.0;0;5;0;0;0;0;0;;;Sat Dec  7 20:54:00 2019;Sat Dec  7 20:54:21 2019;-64;0;0;51.276928;7.226819;0.776000;140.595001;51.276978;7.227078;1.282000;140.595001;51.276978;7.226819;0.797000;0;0;0.0.0.0;
86;infrastructure;ARLO_VMB_1572167362;10:DA:43:6F:03:0A;;6;No;WPA2,AES-CCM;No;54.0;0;6;0;0;0;0;0;;;Sat Dec  7 20:53:50 2019;Sat Dec  7 20:54:06 2019;-72;0;0;51.276958;7.226822;0.776000;183.815002;51.277111;7.226867;1.404000;183.815002;51.277111;7.226867;1.404000;0;0;0.0.0.0;
87;infrastructure;FRITZ!Box 7490;5C:49:79:1C:D5:A6;;11;No;WPA2,AES-CCM;No;54.0;0;5;0;2;0;0;2;;;Sat Dec  7 20:52:21 2019;Sat Dec  7 20:53:52 2019;-56;0;0;51.277069;7.226827;1.055000;206.050095;51.277802;7.227329;1.557000;206.050095;51.277802;7.227329;1.264000;0;0;0.0.0.0;
88;infrastructure;Telekom_FON;4C:09:D4:1B:E6:B8;;6;No;OPN,None;No;54.0;0;12;0;0;0;0;0;;;Sat Dec  7 20:52:14 2019;Sat Dec  7 20:53:54 2019;-68;0;0;51.277039;7.226817;0.229000;0.000000;51.277866;7.227378;1.634000;0.000000;51.277866;7.227378;0.229000;0;0;0.0.0.0;
89;infrastructure;FRITZ!Box 7490 NJ;34:81:C4:B8:CA:4C;;1;No;WPA2,AES-CCM;No;54.0;0;3;0;1;0;0;1;;;Sat Dec  7 20:51:59 2019;Sat Dec  7 20:53:38 2019;-68;0;0;0.000000;0.000000;0.000000;0.000000;51.277962;7.227445;1.045000;0.000000;0.000000;0.000000;0.000000;0;0;0.0.0.0;
90;infrastructure;WLAN-214960;00:1A:2A:21:49:E8;;1;No;WPA2,WPA,AES-CCM,TKIP;No;54.0;0;8;0;0;0;0;0;;;Sat Dec  7 20:51:59 2019;Sat Dec  7 20:53:38 2019;-73;0;0;0.000000;0.000000;0.000000;0.000000;51.277828;7.227346;1.250000;0.000000;0.000000;0.000000;0.000000;0;0;0.0.0.0;
91;infrastructure;UPC4497011;58:23:8C:C7:A6:BA;;1;No;WPA2,WPA,AES-CCM,TKIP;No;54.0;0;2;0;0;0;0;0;;;Sat Dec  7 20:52:01 2019;Sat Dec  7 20:53:38 2019;-74;0;0;51.277180;7.226967;0.859000;195.600006;51.277962;7.227445;1.045000;195.600006;51.277962;7.227445;0.859000;0;0;0.0.0.0;
92;infrastructure;WLAN-160519;4C:09:D4:1B:E6:B7;;6;No;WPA2,AES-CCM;No;54.0;0;8;0;3;0;0;3;;;Sat Dec  7 20:52:15 2019;Sat Dec  7 20:53:30 2019;-64;0;0;51.277245;7.226989;0.547000;208.580002;51.277866;7.227366;1.634000;208.580002;51.277866;7.227366;0.773000;0;0;0.0.0.0;
93;infrastructure;WLAN-4BAC74;50:7E:5D:4B:AC:1E;;6;No;WPA2,AES-CCM;No;54.0;0;6;0;1;0;0;1;;;Sat Dec  7 20:52:16 2019;Sat Dec  7 20:53:30 2019;-72;0;0;51.277245;7.226989;1.030000;203.107895;51.277851;7.227355;1.301000;203.107895;51.277851;7.227355;1.301000;0;0;0.0.0.0;
94;infrastructure;Unitymedia WifiSpot;56:67:11:73:0A:83;;11;No;WPA2,AES-CCM,TKIP;No;54.0;0;12;0;0;0;0;0;;;Sat Dec  7 20:51:57 2019;Sat Dec  7 20:53:29 2019;-72;0;0;0.000000;0.000000;0.000000;0.000000;51.277828;7.227346;1.250000;0.000000;0.000000;0.000000;0.000000;0;0;0.0.0.0;
95;infrastructure;WLAN-J54X9G;D0:6F:82:4A:2D:90;;6;No;WPA2,AES-CCM;No;54.0;0;5;0;1;0;0;1;;;Sat Dec  7 20:52:08 2019;Sat Dec  7 20:53:30 2019;-77;0;0;51.277245;7.226989;0.548000;201.919998;51.277912;7.227421;1.265000;201.919998;51.277912;7.227421;1.263000;0;0;0.0.0.0;
96;infrastructure;GuptonGast;AE:22:35:1C:18:C0;;9;No;WPA2,AES-CCM,TKIP;No;54.0;0;2;0;0;0;0;0;;;Sat Dec  7 20:53:27 2019;Sat Dec  7 20:53:27 2019;-81;0;0;51.277267;7.227016;0.863000;0.000000;51.277279;7.227028;1.150000;0.000000;51.277279;7.227028;0.863000;0;0;0.0.0.0;
97;infrastructure;ein LAN vor unserer Zeit;AC:22:05:1C:18:C0;;9;No;WPA2,AES-CCM,TKIP;No;54.0;0;2;0;2;0;0;2;;;Sat Dec  7 20:53:26 2019;Sat Dec  7 20:53:27 2019;-84;0;0;51.277267;7.227016;0.860000;221.700500;51.277279;7.227027;1.150000;221.700500;51.277279;7.227027;0.860000;0;0;0.0.0.0;
98;infrastructure;brochi Gast;36:81:C4:B8:CA:4C;;1;No;WPA2,AES-CCM;No;54.0;0;3;0;0;0;0;0;;;Sat Dec  7 20:52:01 2019;Sat Dec  7 20:53:14 2019;-68;0;0;51.277374;7.227082;0.796000;195.600006;51.277962;7.227445;1.462000;195.600006;51.277962;7.227445;0.859000;0;0;0.0.0.0;
99;infrastructure;UPC7C2F6C4;54:67:51:73:0A:83;;11;No;WPA2,AES-CCM,TKIP;No;54.0;0;12;0;0;0;0;0;;;Sat Dec  7 20:52:17 2019;Sat Dec  7 20:53:35 2019;-73;0;0;51.277214;7.226980;0.547000;205.110001;51.277851;7.227355;1.491000;205.110001;51.277851;7.227355;1.302000;0;0;0.0.0.0;
100;infrastructure;Unitymedia WifiSpot;5A:23:8C:C7:A6:BC;;1;No;WPA2,AES-CCM,TKIP;No;54.0;0;5;0;0;0;0;0;;;Sat Dec  7 20:52:01 2019;Sat Dec  7 20:53:44 2019;-76;0;0;51.277142;7.226921;0.547000;195.600006;51.277962;7.227445;1.116000;195.600006;51.277962;7.227445;0.859000;0;0;0.0.0.0;
101;infrastructure;WLAN-EE9818;18:83:BF:EE:98:52;;11;No;WPA2,AES-CCM;No;54.0;0;4;0;0;0;0;0;;;Sat Dec  7 20:53:43 2019;Sat Dec  7 20:54:02 2019;-80;0;0;51.276970;7.226821;0.688000;218.317398;51.277142;7.226921;1.116000;218.317398;51.277142;7.226921;1.115000;0;0;0.0.0.0;
102;infrastructure;WLAN-ES6YU2;30:D3:2D:72:5C:41;;6;No;WPA2,AES-CCM;No;54.0;0;9;0;0;0;0;0;;;Sat Dec  7 20:52:08 2019;Sat Dec  7 20:54:00 2019;-75;0;0;51.276978;7.226819;0.797000;201.919998;51.277912;7.227421;1.634000;201.919998;51.277912;7.227421;1.263000;0;0;0.0.0.0;
103;infrastructure;Telekom_FON;4C:1B:86:FA:3C:59;;6;No;OPN,None;No;54.0;0;11;0;0;0;0;0;;;Sat Dec  7 20:52:19 2019;Sat Dec  7 20:54:02 2019;-70;0;0;51.276970;7.226819;0.548000;211.045593;51.277813;7.227338;1.695000;211.045593;51.277813;7.227338;1.250000;0;0;0.0.0.0;
104;infrastructure;FRITZ!Box 7490;E0:28:6D:15:E9:A7;;11;No;WPA2,AES-CCM;No;54.0;0;3;0;4;0;0;4;;;Sat Dec  7 20:52:20 2019;Sat Dec  7 20:54:00 2019;-69;0;0;51.276978;7.226819;0.797000;211.045593;51.277813;7.227338;1.695000;211.045593;51.277813;7.227338;1.250000;0;0;0.0.0.0;
105;infrastructure;Unser WLAN;4C:1B:86:FA:3C:57;;6;No;WPA2,AES-CCM;No;720.0;0;7;0;0;0;0;0;;;Sat Dec  7 20:52:13 2019;Sat Dec  7 20:54:00 2019;-67;0;0;51.276978;7.226817;0.230000;50.972599;51.277866;7.227378;1.634000;50.972599;51.277866;7.227378;0.230000;0;0;0.0.0.0;
106;infrastructure;o2-WLAN23;30:B5:C2:E9:2B:9F;;3;No;WPA2,WPA,AES-CCM,TKIP;No;54.0;0;5;0;0;0;0;0;;;Sat Dec  7 20:52:18 2019;Sat Dec  7 20:54:05 2019;-66;0;0;51.276962;7.226822;0.776000;206.383499;51.277828;7.227346;1.028000;206.383499;51.277828;7.227346;1.028000;0;0;0.0.0.0;
107;infrastructure;WLAN-408135;4C:1B:86:08:D1:F6;;1;No;WPA2,AES-CCM;No;720.0;0;3;0;0;0;0;0;;;Sat Dec  7 20:53:38 2019;Sat Dec  7 20:54:05 2019;-65;0;0;51.276962;7.226840;0.776000;178.409302;51.277180;7.226967;1.115000;178.409302;51.277180;7.226967;1.045000;0;0;0.0.0.0;
108;infrastructure;FRITZ!Box 7590 XT;DC:39:6F:17:30:CB;;1;No;WPA2,AES-CCM;No;720.0;0;5;0;0;0;0;0;;;Sat Dec  7 20:51:58 2019;Sat Dec  7 20:54:04 2019;-64;0;0;0.000000;0.000000;0.000000;0.000000;51.277374;7.227082;1.116000;0.000000;0.000000;0.000000;0.000000;0;0;0.0.0.0;
109;infrastructure;Unitymedia WifiSpot;AE:22:15:47:E6:83;;6;No;WPA2,AES-CCM,TKIP;No;54.0;0;3;0;0;0;0;0;;;Sat Dec  7 20:53:11 2019;Sat Dec  7 20:54:14 2019;-79;0;0;51.276947;7.226989;1.030000;204.170502;51.277397;7.227096;1.373000;204.170502;51.277397;7.227096;1.038000;0;0;0.0.0.0;
110;infrastructure;UPC243492453;5C:A3:9D:8E:B6:28;;11;No;WPA2,AES-CCM,TKIP;No;54.0;0;3;0;0;0;0;0;;;Sat Dec  7 20:54:12 2019;Sat Dec  7 20:54:14 2019;-75;0;0;51.276947;7.226939;1.373000;99.910004;51.276955;7.227006;1.384000;99.910004;51.276955;7.226939;1.384000;0;0;0.0.0.0;
111;infrastructure;FRITZ!Box 7412;F0:B0:14:69:D0:16;;11;No;WPA2,AES-CCM;No;54.0;0;2;0;0;0;0;0;;;Sat Dec  7 20:54:00 2019;Sat Dec  7 20:54:14 2019;-60;0;0;51.276947;7.226819;0.797000;140.595001;51.276978;7.227006;1.373000;140.595001;51.276978;7.226819;0.797000;0;0;0.0.0.0;
112;infrastructure;UPCD979E36;AC:22:05:1F:8F:29;;1;No;WPA2,AES-CCM,TKIP;No;54.0;0;4;0;0;0;0;0;;;Sat Dec  7 20:54:20 2019;Sat Dec  7 20:55:16 2019;-80;0;0;51.276882;7.227078;1.177000;112.010696;51.276928;7.227911;1.411000;112.010696;51.276928;7.227078;1.177000;0;0;0.0.0.0;
113;infrastructure;Baum ;14:CC:20:6F:76:B2;;3;No;WPA2,AES-CCM;No;54.0;0;9;0;0;0;0;0;;;Sat Dec  7 20:54:12 2019;Sat Dec  7 20:55:33 2019;-79;0;0;51.276894;7.226971;1.092000;97.240196;51.277054;7.228038;1.480000;97.240196;51.276951;7.226971;1.282000;0;0;0.0.0.0;
114;infrastructure;volker;54:FA:3E:87:CD:03;;6;No;WPA2,AES-CCM,TKIP;No;54.0;0;6;0;0;0;0;0;;;Sat Dec  7 20:54:21 2019;Sat Dec  7 20:55:33 2019;-77;0;0;51.276878;7.227102;1.158000;106.686302;51.277054;7.228038;1.346000;106.686302;51.276920;7.227102;1.158000;0;0;0.0.0.0;
115;infrastructure;Unitymedia WifiSpot;36:2C:94:32:FD:0F;;6;No;WPA2,AES-CCM,TKIP;No;54.0;0;3;0;0;0;0;0;;;Sat Dec  7 20:54:33 2019;Sat Dec  7 20:55:33 2019;-72;0;0;51.276909;7.227252;1.092000;83.775902;51.277054;7.228038;1.321000;83.775902;51.276909;7.227252;1.321000;0;0;0.0.0.0;
116;infrastructure;FRITZ!Box 7530 LQ;DC:39:6F:E8:B6:C9;;6;No;WPA2,AES-CCM;No;360.0;0;2;0;0;0;0;0;;;Sat Dec  7 20:54:54 2019;Sat Dec  7 20:55:33 2019;-70;0;0;51.276882;7.227595;1.237000;96.960403;51.277054;7.228038;1.314000;96.960403;51.276882;7.227595;1.237000;0;0;0.0.0.0;
117;infrastructure;DIRECT-0b-HP M277 LaserJet;DA:0F:99:35:BF:0B;;1;No;WPA2,AES-CCM;No;54.0;0;2;0;0;0;0;0;;;Sat Dec  7 20:54:55 2019;Sat Dec  7 20:55:47 2019;-67;0;0;51.276882;7.227595;1.228000;96.960403;51.277119;7.228154;1.237000;96.960403;51.276882;7.227595;1.237000;0;0;0.0.0.0;
118;infrastructure;Dummy;BC:F2:AF:AF:3A:AE;;1;No;WPA2,AES-CCM;No;54.0;0;3;0;0;0;0;0;;;Sat Dec  7 20:55:40 2019;Sat Dec  7 20:56:01 2019;-74;0;0;51.277092;7.228116;1.115000;45.724899;51.277260;7.228209;1.194000;45.724899;51.277092;7.228116;1.115000;0;0;0.0.0.0;
119;infrastructure;2.4Gigahertz;C8:0E:14:C8:1B:1B;;6;No;WPA2,AES-CCM;No;54.0;0;3;0;0;0;0;0;;;Sat Dec  7 20:56:01 2019;Sat Dec  7 20:56:57 2019;-79;0;0;51.277260;7.228209;1.194000;7.513500;51.277637;7.228624;1.485000;7.513500;51.277260;7.228209;1.194000;0;0;0.0.0.0;
120;infrastructure;Telekom_FON;64:CC:22:06:AC:14;;6;No;OPN,None;No;54.0;0;2;0;0;0;0;0;;;Sat Dec  7 20:56:22 2019;Sat Dec  7 20:56:54 2019;-79;0;0;51.277428;7.228343;1.250000;22.200001;51.277622;7.228598;1.463000;22.200001;51.277428;7.228343;1.463000;0;0;0.0.0.0;
121;infrastructure;UPC7811499;34:2C:C4:13:73:52;;6;No;WPA2,AES-CCM,TKIP;No;54.0;0;3;0;0;0;0;0;;;Sat Dec  7 20:56:53 2019;Sat Dec  7 20:57:06 2019;-79;0;0;51.277618;7.228577;0.698000;50.790001;51.277679;7.228676;1.369000;50.790001;51.277618;7.228577;0.904000;0;0;0.0.0.0;
122;infrastructure;Mobile;3C:DC:BC:F2:AB:91;;4;No;WPA2,AES-CCM;No;180.0;0;6;0;0;0;0;0;;;Sat Dec  7 20:56:01 2019;Sat Dec  7 20:57:06 2019;-72;0;0;51.277260;7.228209;0.698000;7.513500;51.277679;7.228676;1.474000;7.513500;51.277260;7.228209;1.194000;0;0;0.0.0.0;
123;infrastructure;SmartLife-3927;BE:DD:C2:3F:39:27;;1;No;OPN,None;No;48.0;0;6;0;0;0;0;0;;;Sat Dec  7 20:57:01 2019;Sat Dec  7 20:57:26 2019;-78;0;0;51.277653;7.228633;0.761000;25.950001;51.277847;7.228668;1.112000;25.950001;51.277653;7.228650;1.112000;0;0;0.0.0.0;
124;infrastructure;Unitymedia WifiSpot;DE:53:1C:DF:DA:AE;;11;No;WPA2,AES-CCM,TKIP;No;54.0;0;3;0;0;0;0;0;;;Sat Dec  7 20:57:20 2019;Sat Dec  7 20:57:26 2019;-75;0;0;51.277782;7.228633;0.761000;33.570000;51.277847;7.228646;0.827000;33.570000;51.277782;7.228646;0.820000;0;0;0.0.0.0;
125;infrastructure;Wuppertal Home;30:D3:2D:CC:6C:24;;6;No;WPA2,AES-CCM;No;54.0;0;8;0;0;0;0;0;;;Sat Dec  7 20:56:52 2019;Sat Dec  7 20:57:25 2019;-72;0;0;51.277618;7.228577;0.390000;47.262402;51.277832;7.228676;1.369000;47.262402;51.277618;7.228577;0.898000;0;0;0.0.0.0;
126;infrastructure;UPC6534EE1;80:3F:5D:02:02:D6;;11;No;WPA2,AES-CCM;No;54.0;0;3;0;0;0;0;0;;;Sat Dec  7 20:57:21 2019;Sat Dec  7 20:57:25 2019;-72;0;0;51.277798;7.228642;0.603000;44.250000;51.277832;7.228652;0.827000;44.250000;51.277798;7.228652;0.603000;0;0;0.0.0.0;
127;infrastructure;Dummy OG;54:FA:3E:A6:2F:4B;;6;No;WPA2,AES-CCM,TKIP;No;54.0;0;10;0;0;0;0;0;;;Sat Dec  7 20:55:33 2019;Sat Dec  7 20:57:25 2019;-67;0;0;51.277046;7.228029;0.827000;33.099998;51.277832;7.228668;1.369000;33.099998;51.277046;7.228029;1.255000;0;0;0.0.0.0;
128;infrastructure;;98:9B:CB:BC:36:D0;;7;No;WPA,None;No;-1.0;0;0;0;5;0;0;5;;;Sat Dec  7 20:56:48 2019;Sat Dec  7 20:57:37 2019;-76;0;0;51.277607;7.228523;0.390000;38.221901;51.277920;7.228730;1.345000;38.221901;51.277607;7.228523;1.328000;0;0;0.0.0.0;
129;infrastructure;UPCD8DB184;90:5C:44:F4:BB:56;;11;No;WPA2,AES-CCM,TKIP;No;54.0;0;2;0;0;0;0;0;;;Sat Dec  7 20:57:26 2019;Sat Dec  7 20:57:37 2019;-74;0;0;51.277847;7.228633;0.761000;23.276899;51.277920;7.228730;1.309000;23.276899;51.277847;7.228633;0.761000;0;0;0.0.0.0;
130;infrastructure;devolo-cfc;30:D3:2D:CC:5C:FC;;1;No;WPA2,AES-CCM;No;54.0;0;2;0;0;0;0;0;;;Sat Dec  7 20:57:29 2019;Sat Dec  7 20:57:37 2019;-74;0;0;51.277874;7.228638;1.134000;9.748900;51.277920;7.228730;1.309000;9.748900;51.277874;7.228638;1.134000;0;0;0.0.0.0;
131;infrastructure;DIRECT-E3M2020 Series;86:25:19:95:A8:5A;;1;No;WPA2,AES-CCM;No;54.0;0;2;0;0;0;0;0;;;Sat Dec  7 20:57:44 2019;Sat Dec  7 20:57:54 2019;-64;0;0;51.277966;7.228796;1.014000;10.627800;51.278019;7.228813;1.150000;10.627800;51.277966;7.228796;1.150000;0;0;0.0.0.0;
132;infrastructure;devolo-bf0;30:D3:2D:CC:5B:F0;;11;No;WPA2,AES-CCM;No;54.0;0;3;0;0;0;0;0;;;Sat Dec  7 20:57:18 2019;Sat Dec  7 20:58:05 2019;-73;0;0;51.277771;7.228641;0.432000;0.000000;51.278107;7.228916;1.230000;0.000000;51.277771;7.228641;0.432000;0;0;0.0.0.0;
133;infrastructure;UPC2270687;34:2C:C4:10:D1:DF;;6;No;WPA2,AES-CCM,TKIP;No;54.0;0;2;0;0;0;0;0;;;Sat Dec  7 20:57:37 2019;Sat Dec  7 20:58:04 2019;-72;0;0;51.277920;7.228730;1.229000;27.490000;51.278107;7.228916;1.309000;27.490000;51.277920;7.228730;1.309000;0;0;0.0.0.0;
134;infrastructure;DIRECT-86-HP OfficeJet Pro 8720;EC:8E:B5:CE:A5:88;;1;No;WPA2,AES-CCM;No;54.0;0;1;0;0;0;0;0;;;Sat Dec  7 20:57:44 2019;Sat Dec  7 20:58:04 2019;-64;0;0;51.277966;7.228796;1.150000;10.627800;51.278107;7.228916;1.229000;10.627800;51.277966;7.228796;1.150000;0;0;0.0.0.0;
135;infrastructure;UPC241553922;5C:A3:9D:88:DE:E8;;6;No;WPA2,AES-CCM,TKIP;No;54.0;0;3;0;0;0;0;0;;;Sat Dec  7 20:57:49 2019;Sat Dec  7 20:58:18 2019;-77;0;0;51.277988;7.228804;0.801000;24.729700;51.278236;7.228901;1.434000;24.729700;51.277988;7.228804;0.801000;0;0;0.0.0.0;
136;infrastructure;Zozezine;38:43:7D:60:3E:CA;;11;No;WPA2,AES-CCM,TKIP;No;54.0;0;4;0;0;0;0;0;;;Sat Dec  7 20:57:50 2019;Sat Dec  7 20:58:18 2019;-63;0;0;51.278000;7.228808;1.001000;19.417801;51.278236;7.228916;1.434000;19.417801;51.278000;7.228808;1.001000;0;0;0.0.0.0;
137;infrastructure;HZN249783610;1C:3A:DE:FE:2F:B3;;13;No;WPA2,AES-CCM,TKIP;No;54.0;0;3;0;0;0;0;0;;;Sat Dec  7 20:58:18 2019;Sat Dec  7 20:58:29 2019;-74;0;0;51.278236;7.228890;1.345000;343.561310;51.278347;7.229012;1.434000;343.561310;51.278236;7.228901;1.434000;0;0;0.0.0.0;
138;infrastructure;Unitymedia WifiSpot;36:2C:94:1B:0F:82;;1;No;WPA2,AES-CCM,TKIP;No;54.0;0;2;0;0;0;0;0;;;Sat Dec  7 20:58:12 2019;Sat Dec  7 20:58:29 2019;-68;0;0;51.278179;7.228927;1.150000;8.390000;51.278347;7.229012;1.345000;8.390000;51.278179;7.228927;1.150000;0;0;0.0.0.0;
139;infrastructure;o2-WLAN85_EXT;50:D4:F7:58:97:CF;;6;No;WPA2,AES-CCM,TKIP;No;54.0;0;2;0;0;0;0;0;;;Sat Dec  7 20:58:43 2019;Sat Dec  7 20:58:44 2019;-83;0;0;51.278461;7.229077;0.378000;36.388500;51.278461;7.229082;1.036000;36.388500;51.278461;7.229077;1.036000;0;0;0.0.0.0;
140;infrastructure;UPC1953230;C4:27:95:88:89:A1;;11;No;WPA2,WPA,AES-CCM,TKIP;No;54.0;0;2;0;0;0;0;0;;;Sat Dec  7 20:58:42 2019;Sat Dec  7 20:58:42 2019;-82;0;0;51.278450;7.229070;0.934000;12.420000;51.278450;7.229070;0.934000;12.420000;51.278450;7.229070;0.934000;0;0;0.0.0.0;
141;infrastructure;Sterntaler;F4:06:8D:27:00:3A;;6;No;WPA2,AES-CCM;No;54.0;0;1;0;3;0;0;3;;;Sat Dec  7 20:58:43 2019;Sat Dec  7 20:58:44 2019;-80;0;0;51.278461;7.229082;0.373000;59.053699;51.278461;7.229082;0.378000;59.053699;51.278461;7.229082;0.378000;0;0;0.0.0.0;
142;infrastructure;Telekom_FON;64:CC:22:54:64:74;;11;No;OPN,None;No;54.0;0;2;0;0;0;0;0;;;Sat Dec  7 20:58:42 2019;Sat Dec  7 20:58:43 2019;-79;0;0;51.278450;7.229070;0.378000;12.420000;51.278461;7.229082;0.934000;12.420000;51.278450;7.229070;0.934000;0;0;0.0.0.0;
143;infrastructure;UPC4404312;34:2C:C4:19:21:5E;;1;No;WPA2,AES-CCM,TKIP;No;54.0;0;3;0;0;0;0;0;;;Sat Dec  7 20:58:42 2019;Sat Dec  7 20:58:43 2019;-79;0;0;51.278461;7.229077;1.033000;36.388500;51.278461;7.229077;1.036000;36.388500;51.278461;7.229077;1.036000;0;0;0.0.0.0;
144;infrastructure;WLAN-AD6MXE;64:A6:51:1E:F8:C6;;11;No;WPA2,AES-CCM;No;54.0;0;1;0;2;0;0;2;;;Sat Dec  7 20:58:43 2019;Sat Dec  7 20:58:45 2019;-78;0;0;51.278461;7.229077;0.373000;36.388500;51.278461;7.229082;1.036000;36.388500;51.278461;7.229077;1.036000;0;0;0.0.0.0;
145;infrastructure;Telekom_FON;64:A6:51:1E:F8:C7;;11;No;OPN,None;No;54.0;0;2;0;0;0;0;0;;;Sat Dec  7 20:58:43 2019;Sat Dec  7 20:58:45 2019;-78;0;0;51.278461;7.229077;0.373000;22.049999;51.278461;7.229082;1.033000;22.049999;51.278461;7.229077;1.033000;0;0;0.0.0.0;
146;infrastructure;Telekom_FON;A4:71:74:93:D4:C8;;1;No;OPN,None;No;54.0;0;3;0;0;0;0;0;;;Sat Dec  7 20:58:45 2019;Sat Dec  7 20:58:45 2019;-78;0;0;51.278461;7.229082;0.373000;0.000000;51.278469;7.229095;1.088000;0.000000;51.278461;7.229082;0.373000;0;0;0.0.0.0;
147;infrastructure;HZN245156367;D4:7A:E2:7D:26:FD;;13;No;WPA2,AES-CCM,TKIP;No;54.0;0;1;0;1;0;0;1;;;Sat Dec  7 20:58:29 2019;Sat Dec  7 20:58:42 2019;-77;0;0;51.278347;7.229012;0.934000;19.476101;51.278450;7.229070;1.345000;19.476101;51.278347;7.229012;1.345000;0;0;0.0.0.0;
148;infrastructure;NETGEAR13;A0:04:60:EB:2B:78;;3;No;WPA2,AES-CCM;No;54.0;0;19;0;0;0;0;0;;;Sat Dec  7 20:58:18 2019;Sat Dec  7 20:58:41 2019;-76;0;0;51.278236;7.228890;0.934000;343.561310;51.278450;7.229070;1.504000;343.561310;51.278236;7.228901;1.434000;0;0;0.0.0.0;
149;infrastructure;UPC8432481;38:43:7D:48:5F:EC;;6;No;WPA2,AES-CCM,TKIP;No;54.0;0;2;0;0;0;0;0;;;Sat Dec  7 20:58:41 2019;Sat Dec  7 20:58:41 2019;-76;0;0;51.278450;7.229070;0.934000;17.514601;51.278450;7.229070;0.934000;17.514601;51.278450;7.229070;0.934000;0;0;0.0.0.0;
150;infrastructure;o2-WLAN42_EXT;0C:80:63:80:44:B3;;4;No;WPA2,AES-CCM,TKIP;No;54.0;0;3;0;0;0;0;0;;;Sat Dec  7 20:58:42 2019;Sat Dec  7 20:58:44 2019;-76;0;0;51.278461;7.229077;0.378000;36.388500;51.278461;7.229082;1.036000;36.388500;51.278461;7.229077;1.036000;0;0;0.0.0.0;
151;infrastructure;iPhone64;F2:CB:A1:80:02:C1;;1;No;WPA2,AES-CCM;No;54.0;0;3;0;0;0;0;0;;;Sat Dec  7 20:58:40 2019;Sat Dec  7 20:58:41 2019;-75;0;0;51.278442;7.229063;0.934000;10.970000;51.278450;7.229070;1.220000;10.970000;51.278442;7.229063;1.220000;0;0;0.0.0.0;
152;infrastructure;robart-AAAdQHQA0QGCZZprS4QDwQ;E0:B9:4D:73:E4:CA;;3;No;WPA2,AES-CCM;No;54.0;0;7;0;0;0;0;0;;;Sat Dec  7 20:58:42 2019;Sat Dec  7 20:58:42 2019;-75;0;0;51.278450;7.229070;0.934000;12.420000;51.278461;7.229077;1.036000;12.420000;51.278450;7.229070;0.934000;0;0;0.0.0.0;
153;infrastructure;WLAN-9GJXGG;50:C7:BF:7E:0A:3F;;11;No;WPA2,AES-CCM,TKIP;No;54.0;0;4;0;0;0;0;0;;;Sat Dec  7 20:58:42 2019;Sat Dec  7 20:58:43 2019;-75;0;0;51.278461;7.229077;1.036000;36.388500;51.278461;7.229077;1.036000;36.388500;51.278461;7.229077;1.036000;0;0;0.0.0.0;
154;infrastructure;Ariana300;54:67:51:BF:1A:7D;;6;No;WPA2,AES-CCM,TKIP;No;54.0;0;2;0;0;0;0;0;;;Sat Dec  7 20:58:41 2019;Sat Dec  7 20:58:43 2019;-74;0;0;51.278450;7.229070;0.934000;17.514601;51.278461;7.229077;1.036000;17.514601;51.278450;7.229070;0.934000;0;0;0.0.0.0;
155;infrastructure;o2-WLAN42;88:03:55:DC:84:88;;4;No;WPA2,AES-CCM;No;54.0;0;2;0;0;0;0;0;;;Sat Dec  7 20:58:09 2019;Sat Dec  7 20:58:41 2019;-73;0;0;51.278152;7.228917;0.934000;356.772797;51.278450;7.229070;1.389000;356.772797;51.278152;7.228917;1.389000;0;0;0.0.0.0;
156;infrastructure;Unitymedia WifiSpot;56:67:11:BF:1A:7D;;6;No;WPA2,AES-CCM,TKIP;No;54.0;0;5;0;0;0;0;0;;;Sat Dec  7 20:58:41 2019;Sat Dec  7 20:58:43 2019;-72;0;0;51.278450;7.229070;0.934000;17.514601;51.278461;7.229077;1.036000;17.514601;51.278450;7.229070;0.934000;0;0;0.0.0.0;
157;infrastructure;UPC2058117;C4:27:95:8A:07:2C;;1;No;WPA2,WPA,AES-CCM,TKIP;No;54.0;0;1;0;0;0;0;0;;;Sat Dec  7 20:58:45 2019;Sat Dec  7 20:58:45 2019;-71;0;0;51.278469;7.229095;1.088000;41.560200;51.278469;7.229095;1.088000;41.560200;51.278469;7.229095;1.088000;0;0;0.0.0.0;
158;infrastructure;Unitymedia WifiSpot;3A:43:1D:60:3E:CA;;11;No;WPA2,AES-CCM,TKIP;No;54.0;0;4;0;0;0;0;0;;;Sat Dec  7 20:57:45 2019;Sat Dec  7 20:58:41 2019;-70;0;0;51.277977;7.228799;0.934000;6.531700;51.278450;7.229070;1.178000;6.531700;51.277977;7.228799;1.178000;0;0;0.0.0.0;
159;infrastructure;UPC5845194;08:95:2A:4C:FE:CC;;11;No;WPA2,WPA,AES-CCM,TKIP;No;54.0;0;5;0;1;0;0;1;;;Sat Dec  7 20:57:50 2019;Sat Dec  7 20:58:41 2019;-65;0;0;51.278000;7.228808;0.934000;19.417801;51.278450;7.229070;1.504000;19.417801;51.278000;7.228808;1.001000;0;0;0.0.0.0;
160;infrastructure;FRITZ!Box 7412;7C:FF:4D:2B:85:41;;1;No;WPA2,AES-CCM;No;54.0;0;2;0;0;0;0;0;;;Sat Dec  7 20:58:45 2019;Sat Dec  7 20:58:45 2019;-60;0;0;51.278469;7.229095;1.088000;41.560200;51.278469;7.229095;1.088000;41.560200;51.278469;7.229095;1.088000;0;0;0.0.0.0;
161;infrastructure;WLAN-PRGZHJ_Ext;00:E0:20:1B:F2:8A;;11;No;WPA2,AES-CCM;No;54.0;0;2;0;0;0;0;0;;;Sat Dec  7 20:58:49 2019;Sat Dec  7 20:58:54 2019;-81;0;0;51.278492;7.229115;1.197000;19.512199;51.278530;7.229125;1.240000;19.512199;51.278492;7.229115;1.197000;0;0;0.0.0.0;
162;infrastructure;DIRECT-DC-HP OfficeJet Pro 7720;B6:B6:86:4E:16:DC;;1;No;WPA2,AES-CCM;No;54.0;0;1;0;0;0;0;0;;;Sat Dec  7 20:58:53 2019;Sat Dec  7 20:58:54 2019;-73;0;0;51.278530;7.229120;1.181000;27.930300;51.278545;7.229125;1.237000;27.930300;51.278530;7.229125;1.237000;0;0;0.0.0.0;
163;infrastructure;WLAN-PRGZHJ;EC:CB:30:EC:E9:EF;;11;No;WPA2,AES-CCM;No;54.0;0;5;0;1;0;0;1;;;Sat Dec  7 20:58:47 2019;Sat Dec  7 20:59:32 2019;-82;0;0;51.278481;7.228883;0.766000;19.731199;51.278656;7.229171;1.244000;19.731199;51.278481;7.229104;1.244000;0;0;0.0.0.0;
164;infrastructure;TP-LINK_346D;50:C7:BF:08:34:6D;;1;No;WPA2,AES-CCM;No;54.0;0;3;0;0;0;0;0;;;Sat Dec  7 20:58:54 2019;Sat Dec  7 21:00:09 2019;-77;0;0;51.278530;7.228519;0.801000;27.930300;51.278709;7.229125;1.403000;27.930300;51.278530;7.229125;1.237000;0;0;0.0.0.0;
165;infrastructure;WLAN-PGC3YA;C8:0C:C8:D2:8A:59;;1;No;WPA2,AES-CCM;No;54.0;0;4;0;1;0;0;1;;;Sat Dec  7 20:58:58 2019;Sat Dec  7 21:00:09 2019;-74;0;0;51.278557;7.228519;0.779000;298.307495;51.278709;7.229176;1.139000;298.307495;51.278557;7.229162;1.027000;0;0;0.0.0.0;
166;infrastructure;;B6:FB:E4:DA:1B:65;;1;No;WPA2,AES-CCM;No;54.0;0;9;0;0;0;0;0;;;Sat Dec  7 20:58:54 2019;Sat Dec  7 21:00:09 2019;-72;0;0;51.278530;7.228519;0.776000;24.590000;51.278709;7.229176;1.240000;24.590000;51.278530;7.229125;1.240000;0;0;0.0.0.0;
167;infrastructure;SGTHome Gastzugang;3A:10:D5:FE:09:D5;;1;No;WPA2,AES-CCM;No;54.0;0;2;0;0;0;0;0;;;Sat Dec  7 20:58:53 2019;Sat Dec  7 21:00:09 2019;-67;0;0;51.278530;7.228519;0.801000;27.930300;51.278709;7.229125;1.237000;27.930300;51.278530;7.229125;1.237000;0;0;0.0.0.0;
168;infrastructure;HP-Print-75-Color LaserJet MFP;90:48:9A:67:D0:75;;1;No;WPA2,AES-CCM;No;54.0;0;4;0;0;0;0;0;;;Sat Dec  7 20:59:35 2019;Sat Dec  7 21:00:20 2019;-75;0;0;51.278664;7.228439;0.666000;282.114197;51.278717;7.228829;1.403000;282.114197;51.278664;7.228829;1.403000;0;0;0.0.0.0;
169;infrastructure;TP-LINK_346D_5G_2G_Ext;00:E0:20:1E:8C:85;;10;No;WPA2,AES-CCM;No;54.0;0;11;0;0;0;0;0;;;Sat Dec  7 20:58:49 2019;Sat Dec  7 21:00:33 2019;-76;0;0;51.278492;7.228165;0.183000;19.512199;51.278831;7.229176;1.403000;19.512199;51.278492;7.229115;1.197000;0;0;0.0.0.0;
170;infrastructure;UPC7103689_2GEXT;2C:30:33:D3:85:49;;11;No;WPA2,AES-CCM,TKIP;No;54.0;0;13;0;3;0;0;3;;;Sat Dec  7 20:58:51 2019;Sat Dec  7 21:00:33 2019;-75;0;0;51.278503;7.228165;0.183000;12.330000;51.278831;7.229171;1.240000;12.330000;51.278503;7.229118;1.116000;0;0;0.0.0.0;
171;infrastructure;Slon;E8:DF:70:F3:A5:64;;6;No;WPA2,AES-CCM;No;54.0;0;0;0;1;0;0;1;;;Sat Dec  7 20:53:59 2019;Sat Dec  7 21:00:32 2019;-74;0;0;51.276993;7.226821;0.183000;152.642899;51.278831;7.229162;1.244000;152.642899;51.276993;7.226821;0.688000;0;0;0.0.0.0;
172;infrastructure;FRITZ!Box 7490;2A:65:11:97:D7:C3;;11;No;WPA2,AES-CCM;No;54.0;0;14;0;0;0;0;0;;;Sat Dec  7 20:58:53 2019;Sat Dec  7 21:00:33 2019;-71;0;0;51.278530;7.228165;0.183000;27.930300;51.278831;7.229176;1.482000;27.930300;51.278530;7.229125;1.237000;0;0;0.0.0.0;
173;infrastructure;UPC0114795;34:2C:C4:16:4B:DD;;6;No;WPA2,AES-CCM,TKIP;No;54.0;0;11;0;0;0;0;0;;;Sat Dec  7 20:59:02 2019;Sat Dec  7 21:00:33 2019;-49;0;0;51.278587;7.228165;0.183000;284.226807;51.278831;7.229170;1.411000;284.226807;51.278587;7.229170;0.779000;0;0;0.0.0.0;
174;infrastructure;o2-WLAN86;A0:64:8F:8E:22:48;;5;No;WPA2,AES-CCM;No;48.0;0;18;0;5;0;0;5;;;Sat Dec  7 20:58:50 2019;Sat Dec  7 21:01:01 2019;-74;0;0;51.278503;7.228014;0.605000;12.330000;51.279137;7.229176;1.532000;12.330000;51.278503;7.229118;1.116000;0;0;0.0.0.0;
175;infrastructure;TP-LINK_AP_E81C;18:A6:F7:F4:E8:1C;;8;No;WPA2,AES-CCM;No;54.0;0;1;0;0;0;0;0;;;Sat Dec  7 20:59:35 2019;Sat Dec  7 21:01:15 2019;-81;0;0;51.278664;7.228134;1.241000;282.114197;51.279243;7.228829;1.403000;282.114197;51.278664;7.228829;1.403000;0;0;0.0.0.0;
176;infrastructure;iWlan Brot;44:4E:6D:EE:FB:1F;;9;No;WPA2,AES-CCM;No;720.0;0;1;0;5;0;0;5;;;Sat Dec  7 20:58:59 2019;Sat Dec  7 21:02:27 2019;-64;0;0;51.278557;7.228027;0.585000;312.390015;51.279842;7.229162;1.953000;312.390015;51.278557;7.229162;1.026000;0;0;0.0.0.0;
177;infrastructure;WLAN-522392;94:4A:0C:DF:B7:13;;11;No;WPA2,AES-CCM;No;54.0;0;5;0;1;0;0;1;;;Sat Dec  7 21:01:03 2019;Sat Dec  7 21:02:49 2019;-73;0;0;51.279163;7.228056;0.186000;12.772900;51.279846;7.228539;1.695000;12.772900;51.279163;7.228056;1.466000;0;0;0.0.0.0;
178;infrastructure;EusebiaWLAN;A0:E4:CB:A4:B7:D0;;7;No;WPA2,AES-CCM;No;54.0;0;2;0;0;0;0;0;;;Sat Dec  7 21:03:02 2019;Sat Dec  7 21:03:03 2019;-66;0;0;51.279957;7.228556;0.191000;31.196899;51.279972;7.228568;0.536000;31.196899;51.279957;7.228568;0.536000;0;0;0.0.0.0;
179;infrastructure;WLAN-165334;4C:1B:86:83:67:82;;11;No;WPA2,AES-CCM;No;54.0;0;3;0;1;0;0;1;;;Sat Dec  7 21:00:56 2019;Sat Dec  7 21:03:15 2019;-76;0;0;51.279091;7.228039;0.382000;15.016800;51.280041;7.228526;1.698000;15.016800;51.279091;7.228039;1.698000;0;0;0.0.0.0;
180;infrastructure;EasyBox-220189;78:94:B4:16:9B:D4;;11;No;WPA2,WPA,AES-CCM,TKIP;No;54.0;0;2;0;0;0;0;0;;;Sat Dec  7 21:03:26 2019;Sat Dec  7 21:03:28 2019;-77;0;0;51.280098;7.228332;0.475000;64.614403;51.280102;7.228334;0.526000;64.614403;51.280098;7.228334;0.475000;0;0;0.0.0.0;
181;infrastructure;EasyBox-798757;D4:60:E3:68:05:EC;;11;No;WPA2,WPA,AES-CCM,TKIP;No;54.0;0;5;0;0;0;0;0;;;Sat Dec  7 21:02:54 2019;Sat Dec  7 21:03:28 2019;-69;0;0;51.279884;7.228332;0.323000;101.840698;51.280102;7.228560;1.005000;101.840698;51.279884;7.228553;0.417000;0;0;0.0.0.0;
182;infrastructure;WLAN-PVQ53C;A8:F5:AC:5C:17:C0;;11;No;WPA2,AES-CCM;No;54.0;0;2;0;0;0;0;0;;;Sat Dec  7 21:03:05 2019;Sat Dec  7 21:03:43 2019;-67;0;0;51.279987;7.228178;0.158000;64.196800;51.280228;7.228534;0.770000;64.196800;51.279987;7.228534;0.158000;0;0;0.0.0.0;
183;infrastructure;UPC2E5B49A;54:67:51:B8:D1:AF;;6;No;WPA2,AES-CCM,TKIP;No;54.0;0;3;0;0;0;0;0;;;Sat Dec  7 21:00:47 2019;Sat Dec  7 21:04:01 2019;-77;0;0;51.278992;7.227924;0.909000;17.284599;51.280296;7.228036;1.585000;17.284599;51.278992;7.228014;1.585000;0;0;0.0.0.0;
184;infrastructure;o2-WLAN36;4C:09:D4:28:8A:66;;9;No;WPA2,AES-CCM;No;54.0;0;3;0;0;0;0;0;;;Sat Dec  7 21:03:26 2019;Sat Dec  7 21:04:15 2019;-79;0;0;51.280098;7.227789;0.475000;64.614403;51.280285;7.228334;0.591000;64.614403;51.280098;7.228334;0.475000;0;0;0.0.0.0;
185;infrastructure;Fritz!!Box7412;38:10:D5:3F:00:7C;;1;No;WPA2,AES-CCM;No;54.0;0;2;0;0;0;0;0;;;Sat Dec  7 21:04:10 2019;Sat Dec  7 21:04:15 2019;-73;0;0;51.280281;7.227789;0.591000;219.616394;51.280285;7.227828;0.692000;219.616394;51.280281;7.227828;0.692000;0;0;0.0.0.0;
186;infrastructure;TP-LINK_C6B216;30:B5:C2:C6:B2:16;;6;No;WPA2,AES-CCM;No;54.0;0;6;0;0;0;0;0;;;Sat Dec  7 21:03:12 2019;Sat Dec  7 21:04:15 2019;-61;0;0;51.280052;7.227789;0.398000;171.358200;51.280285;7.228498;0.773000;171.358200;51.280052;7.228498;0.529000;0;0;0.0.0.0;
187;infrastructure;UPC244140605;54:88:0E:4D:66:C8;;4;No;WPA2,AES-CCM,TKIP;No;54.0;0;2;0;0;0;0;0;;;Sat Dec  7 21:03:48 2019;Sat Dec  7 21:04:15 2019;-59;0;0;51.280258;7.227789;0.591000;274.426788;51.280285;7.228118;0.642000;274.426788;51.280258;7.228118;0.642000;0;0;0.0.0.0;
188;infrastructure;AMMIT 2.4;AC:22:05:54:C8:8E;;11;No;WPA2,AES-CCM;No;54.0;0;4;0;3;0;0;3;;;Sat Dec  7 21:03:17 2019;Sat Dec  7 21:04:15 2019;-49;0;0;51.280064;7.227789;0.323000;324.378601;51.280285;7.228424;0.770000;324.378601;51.280064;7.228424;0.323000;0;0;0.0.0.0;
189;infrastructure;PS4-2BE41DE4CCF8;B0:05:94:5D:C6:A9;;11;No;WPA2,AES-CCM;No;54.0;0;17;0;0;0;0;0;;;Sat Dec  7 21:04:34 2019;Sat Dec  7 21:14:39 2019;-85;0;0;51.280037;7.227582;0.726000;200.645706;51.280182;7.227643;1.720000;200.645706;51.280182;7.227643;0.884000;0;0;0.0.0.0;
190;infrastructure;HZN240670611;1C:3A:DE:74:5C:A2;;11;No;WPA2,AES-CCM,TKIP;No;54.0;0;7;0;0;0;0;0;;;Sat Dec  7 21:04:34 2019;Sat Dec  7 21:14:26 2019;-82;0;0;51.280109;7.227607;0.884000;189.800003;51.280190;7.227652;1.587000;189.800003;51.280190;7.227652;1.090000;0;0;0.0.0.0;
191;infrastructure;AP-TechLife-8e:bb;8A:BB:B7:3C:D2:0F;;9;No;OPN,None;No;54.0;0;27;0;0;0;0;0;;;Sat Dec  7 21:04:34 2019;Sat Dec  7 21:14:40 2019;-78;0;0;51.280033;7.227582;0.726000;200.645706;51.280182;7.227643;1.720000;200.645706;51.280182;7.227643;0.884000;0;0;0.0.0.0;
192;infrastructure;FRITZ!Box 6490 Cable;44:4E:6D:82:E6:4F;;11;No;WPA2,AES-CCM;No;54.0;0;3;0;5;0;0;5;;;Sat Dec  7 20:52:37 2019;Sat Dec  7 21:14:24 2019;-81;0;0;51.276951;7.226971;0.713000;215.848297;51.280190;7.227652;1.573000;215.848297;51.277653;7.227218;1.172000;0;0;0.0.0.0;
193;infrastructure;polkjh2;34:81:C4:B2:CE:42;;11;No;WPA2,AES-CCM;No;54.0;0;7;0;2;0;0;2;;;Sat Dec  7 21:04:33 2019;Sat Dec  7 21:14:26 2019;-79;0;0;51.280109;7.227607;0.884000;187.130707;51.280190;7.227652;1.587000;187.130707;51.280190;7.227652;1.095000;0;0;0.0.0.0;
194;infrastructure;FRITZ!Box 7490;F0:B0:14:B7:A5:80;;11;No;WPA2,AES-CCM;No;54.0;0;2;0;6;0;0;6;;;Sat Dec  7 21:14:24 2019;Sat Dec  7 21:14:40 2019;-75;0;0;51.280037;7.227584;0.726000;193.126999;51.280140;7.227624;1.587000;193.126999;51.280140;7.227624;1.573000;0;0;0.0.0.0;
195;infrastructure;DIRECT-DF-HP ENVY 4520 series;40:B0:34:DB:1E:E0;;1;No;WPA2,AES-CCM;No;54.0;0;5;0;0;0;0;0;;;Sat Dec  7 20:53:18 2019;Sat Dec  7 21:14:40 2019;-70;0;0;51.277336;7.227094;0.729000;210.406693;51.280182;7.227643;1.587000;210.406693;51.277336;7.227094;1.035000;0;0;0.0.0.0;
196;infrastructure;DIRECT-2E-HP DeskJet 2600 series;B4:B6:86:75:3C:30;;11;No;WPA2,AES-CCM;No;54.0;0;6;0;0;0;0;0;;;Sat Dec  7 21:04:34 2019;Sat Dec  7 21:14:26 2019;-69;0;0;51.280109;7.227607;0.884000;200.645706;51.280182;7.227643;1.720000;200.645706;51.280182;7.227643;0.884000;0;0;0.0.0.0;
197;infrastructure;devolo-663;30:D3:2D:81:96:63;;1;No;WPA2,AES-CCM;No;54.0;0;25;0;19;0;0;19;;;Sat Dec  7 21:04:34 2019;Sat Dec  7 21:14:40 2019;-50;0;0;51.280033;7.227574;0.508000;200.645706;51.280182;7.227643;1.720000;200.645706;51.280182;7.227643;0.884000;0;0;0.0.0.0;
198;infrastructure;FRITZ!Box 7490;98:9B:CB:E7:53:05;;11;No;WPA2,AES-CCM;No;54.0;0;4;0;0;0;0;0;;;Sat Dec  7 21:04:38 2019;Sat Dec  7 21:14:26 2019;-50;0;0;51.280109;7.227607;1.573000;193.126999;51.280140;7.227624;1.587000;193.126999;51.280140;7.227624;1.573000;0;0;0.0.0.0;
199;infrastructure;;E8:DF:70:E3:29:63;;5;No;WPA,None;No;-1.0;0;0;0;1;0;0;1;;;Sat Dec  7 21:14:26 2019;Sat Dec  7 21:14:39 2019;-1;0;0;51.280109;7.227607;1.587000;191.220901;51.280109;7.227607;1.587000;191.220901;51.280109;7.227607;1.587000;0;0;0.0.0.0;
